<?xml version="1.0" encoding="UTF-8"?>
<TituloElectronico xmlns="https://www.sige.sep.gob.mx/titulos/" xmlns:xsi="http://www.w3.oft/2001/XMLSchema-instace" version="1.0" folioControl="20181109115847-080318075" xsi:schemalocation="https//www.siged.sep.gob.mx/titulos/ schema.xsd">
  <firmaResponsables>
    <firmaResponsable nombre="IVONNE" primerApellido="RAMIREZ" segundoApellido="WENCE" curp="RAWI6005073U0" idCargo="9" cargo="DIRECTOR GENERAL" abrTitulo="M. EN C." sello="" certificadoResponsable="CertificadoResponsable" noCertificadoResponsable="1682280437054458477"/>
    <firmaResponsable nombre="LEONARDO" primerApellido="LOMELI" segundoApellido="VANEGAS" curp="LOVL7004289W7" idCargo="6" cargo="SECRETARIO GENERAL" abrTitulo="DR." sello="" certificadoResponsable="CertificadoResponsable" noCertificadoResponsable="3121493390511228062"/>
    <firmaResponsable nombre="ENRIQUE LUIS" primerApellido="GRAUE" segundoApellido="WIECHERS" curp="GAWE510109C14" idCargo="3" cargo="RECTOR" abrTitulo="DR." sello="" certificadoResponsable="CertificadoResponsable" noCertificadoResponsable="7608878899635960696"/>
  </firmaResponsables>
  <Institucion cveInstitucion="090001" nombreInstitucion="UNIVERSIDAD NACIONAL AUTÓNOMA DE MÉXICO"/>
  <Carrera cveCarrera="621311" nombreCarrera="LICENCIATURA EN ADMINISTRACIÓN" fechaInicio="1984-01-01" fechaTeminacion="1988-01-01" idAutorizacionReconocimiento="8" autorizacionReconocimiento="DECRETO DE CREACIÓN" numeroRvoe="----"/>
  <Profesionista curp="FAHE640510MMCRRG05" nombre="MARIA EUGENIA" primerApellido="FRANCO" segundoApellido="HERNANDEZ" correoElectronico="mfranc05@hotmail.com"/>
  <Expedicion fechaExpedicion="2018-10-11" idModalidadTitulacion="6" modalidadTitulacion="OTRO" fechaExamenProfesional="2018-09-03" fechaExencionExamenProfesional="2018-09-03" cumpioServicioSocial="1" idFundamentoLegalServicioSocial="2" fundamentoLegalServicioSocial="ART. 55 LRART. 5 CONST" inEntidadFederativa="09" entidadFederativa="CIUDAD DE MÉXICO"/>
  <Antecedente institucionProcedencia="C C H PLANTEL NAUCALPAN" idTipoEstudioAntecedente="4" tipoEstudioAntecedente="BACHILLERATO" idEntidadFederativa="15" entidadFederativa="MÉXICO" fechaInicio="1980-01-01" fechaTerminacion="1983-01-01" noCedula="----"/>
</TituloElectronico>
