<?xml version="1.0" encoding="UTF-8"?>
<TituloElectronico xmlns="https://www.sige.sep.gob.mx/titulos/" xmlns:xsi="http://www.w3.oft/2001/XMLSchema-instace" version="1.0" folioControl="20181109115936-517492284" xsi:schemalocation="https//www.siged.sep.gob.mx/titulos/ schema.xsd">
  <firmaResponsables>
    <firmaResponsable nombre="IVONNE" primerApellido="RAMIREZ" segundoApellido="WENCE" curp="RAWI6005073U0" idCargo="9" cargo="DIRECTOR GENERAL" abrTitulo="M. EN C." sello="" certificadoResponsable="CertificadoResponsable" noCertificadoResponsable="1682280437054458477"/>
    <firmaResponsable nombre="LEONARDO" primerApellido="LOMELI" segundoApellido="VANEGAS" curp="LOVL7004289W7" idCargo="6" cargo="SECRETARIO GENERAL" abrTitulo="DR." sello="" certificadoResponsable="CertificadoResponsable" noCertificadoResponsable="3121493390511228062"/>
    <firmaResponsable nombre="ENRIQUE LUIS" primerApellido="GRAUE" segundoApellido="WIECHERS" curp="GAWE510109C14" idCargo="3" cargo="RECTOR" abrTitulo="DR." sello="" certificadoResponsable="CertificadoResponsable" noCertificadoResponsable="7608878899635960696"/>
  </firmaResponsables>
  <Institucion cveInstitucion="090001" nombreInstitucion="UNIVERSIDAD NACIONAL AUTÓNOMA DE MÉXICO"/>
  <Carrera cveCarrera="122539" nombreCarrera="MAESTRÍA EN CIENCIAS DE LA TIERRA" fechaInicio="2017-01-01" fechaTeminacion="2018-01-01" idAutorizacionReconocimiento="8" autorizacionReconocimiento="DECRETO DE CREACIÓN" numeroRvoe="----"/>
  <Profesionista curp="SADJ831107HNENCF09" nombre="JEFFERSON" primerApellido="SANCHEZ" segundoApellido="DUCUARA" correoElectronico="jesanchezdu@unal.edu.co"/>
  <Expedicion fechaExpedicion="2018-10-18" idModalidadTitulacion="1" modalidadTitulacion="POR TESIS" fechaExamenProfesional="2018-08-16" fechaExencionExamenProfesional="2018-08-16" cumpioServicioSocial="1" idFundamentoLegalServicioSocial="2" fundamentoLegalServicioSocial="ART. 55 LRART. 5 CONST" inEntidadFederativa="09" entidadFederativa="CIUDAD DE MÉXICO"/>
  <Antecedente institucionProcedencia="UNIVERSIDAD NACIONAL DE COLOMBIA" idTipoEstudioAntecedente="2" tipoEstudioAntecedente="LICENCIATURA" idEntidadFederativa="33" entidadFederativa="EXTRANJERO" fechaInicio="2009-01-01" fechaTerminacion="2014-01-01" noCedula="----"/>
</TituloElectronico>
